{"cameraMode":{"drawMode":0,"name":"Shaded","section":"Shading Mode"},"sceneLighting":false,"audioPlay":false,"sceneViewState":{"m_AlwaysRefresh":false,"showFog":true,"showSkybox":false,"showFlares":true,"showImageEffects":true,"showParticleSystems":true,"showVisualEffectGraphs":true,"m_FxEnabled":true},"in2DMode":false,"pivot":{"x":0.021200895309448243,"y":1.5605403184890748,"z":0.25143906474113467},"rotation":{"x":0.06902214884757996,"y":-0.6661354899406433,"z":0.06212956830859184,"w":0.7400270104408264},"size":1.2247449159622193,"orthographic":false}